{
    "name": "kiaigrin00",
    "vendorId": "0xFEED",
    "productId": "0x0000",
    "matrix": {
        "rows": 6,
        "cols": 16
    },
    "layouts": {
        "labels": [
            [
                "Layout",
                "LAYOUT"
            ]
        ],
        "keymap": [
            [
                "0,0\n\n\n0,0",
                {
                    "x": 0.25
                },
                "0,1\n\n\n0,0",
                "0,2\n\n\n0,0",
                {
                    "x": 7.73
                },
                "0,10\n\n\n0,0",
                "0,11\n\n\n0,0",
                "0,12\n\n\n0,0",
                {
                    "x": 0.27
                },
                "0,13\n\n\n0,0",
                {
                    "x": 0.16
                },
                "0,14\n\n\n0,0"
            ],
            [
                {
                    "x": 6.599999999999998,
                    "y": -0.55
                },
                "0,6\n\n\n0,0"
            ],
            [
                {
                    "y": -0.31999999999999995
                },
                "1,0\n\n\n0,0",
                "1,1\n\n\n0,0",
                "1,2\n\n\n0,0",
                {
                    "x": 8.25
                },
                "1,11\n\n\n0,0",
                "1,12\n\n\n0,0",
                "1,13\n\n\n0,0",
                "1,14\n\n\n0,0",
                {
                    "x": 0.16
                },
                "1,15\n\n\n0,0"
            ],
            [
                {
                    "w": 1.5
                },
                "2,0\n\n\n0,0",
                "2,1\n\n\n0,0",
                {
                    "x": 9.25
                },
                "2,11\n\n\n0,0",
                "2,12\n\n\n0,0",
                {
                    "x": 1.66
                },
                "2,14\n\n\n0,0"
            ],
            [
                {
                    "w": 1.75
                },
                "3,0\n\n\n0,0",
                "3,1\n\n\n0,0",
                {
                    "x": 9.25
                },
                "3,11\n\n\n0,0",
                "3,12\n\n\n0,0",
                {
                    "x": 1.41
                },
                "3,13\n\n\n0,0"
            ],
            [
                {
                    "w": 2.25
                },
                "4,0\n\n\n0,0",
                {
                    "x": 9.25
                },
                "4,10\n\n\n0,0",
                "4,11\n\n\n0,0",
                "4,12\n\n\n0,0"
            ],
            [
                {
                    "x": 14.75,
                    "y": -0.75
                },
                "4,13\n\n\n0,0"
            ],
            [
                {
                    "x": 6.375,
                    "y": -0.75
                },
                "4,5\n\n\n0,0"
            ],
            [
                {
                    "y": -0.5,
                    "w": 1.25
                },
                "5,0\n\n\n0,0",
                {
                    "w": 1.25
                },
                "5,1\n\n\n0,0",
                {
                    "x": 10
                },
                "5,8\n\n\n0,0"
            ],
            [
                {
                    "x": 13.75,
                    "y": -0.75
                },
                "5,9\n\n\n0,0",
                "5,10\n\n\n0,0",
                "5,11\n\n\n0,0"
            ],
            [
                {
                    "x": 5.5,
                    "y": -0.75,
                    "w": 2.75
                },
                "5,4\n\n\n0,0"
            ],
            [
                {
                    "r": 4,
                    "rx": 3.3260962117421498,
                    "ry": 0
                },
                "0,3\n\n\n0,0"
            ],
            [
                {
                    "r": -3,
                    "rx": 9.914517254501241,
                    "ry": 0.06051347274615981
                },
                "0,9\n\n\n0,0"
            ],
            [
                {
                    "r": 9,
                    "rx": 4.404373062222545,
                    "ry": 0.08159885918429
                },
                "0,4\n\n\n0,0"
            ],
            [
                {
                    "r": -8,
                    "rx": 8.68027941514918,
                    "ry": 0.25811277811122224
                },
                "0,8\n\n\n0,0"
            ],
            [
                {
                    "r": 8,
                    "rx": 5.604452516109246,
                    "ry": 0.3139396771511569
                },
                "0,5\n\n\n0,0"
            ],
            [
                {
                    "r": -10,
                    "rx": 7.605772034660429,
                    "ry": 0.45308047432933574
                },
                "0,7\n\n\n0,0"
            ],
            [
                {
                    "r": 4,
                    "rx": 3.05609621174215,
                    "ry": 1.125
                },
                "1,3\n\n\n0,0"
            ],
            [
                {
                    "r": -2,
                    "rx": 10.232854838139202,
                    "ry": 1.1564145968436774
                },
                "1,10\n\n\n0,0"
            ],
            [
                {
                    "r": 8,
                    "rx": 4.114452516109247,
                    "ry": 1.2089396771511565
                },
                "1,4\n\n\n0,0"
            ],
            [
                {
                    "r": -7,
                    "rx": 9.152792252476766,
                    "ry": 1.2883218578838873
                },
                "1,9\n\n\n0,0"
            ],
            [
                {
                    "r": 10,
                    "rx": 5.134420212327361,
                    "ry": 1.3644322966624052
                },
                "1,5\n\n\n0,0"
            ],
            [
                {
                    "r": -10,
                    "rx": 8.11577203466043,
                    "ry": 1.483080474329336
                },
                "1,8\n\n\n0,0"
            ],
            [
                {
                    "r": 2,
                    "rx": 6.122754334841703,
                    "ry": 1.5415151001411758
                },
                "1,6\n\n\n0,0"
            ],
            [
                {
                    "r": -4,
                    "rx": 7.111339737998026,
                    "ry": 1.5697564737441252
                },
                "1,7\n\n\n0,0"
            ],
            [
                {
                    "r": 3,
                    "rx": 2.5368532107441846,
                    "ry": 2.1131775165032156
                },
                "2,2\n\n\n0,0"
            ],
            [
                {
                    "r": 90,
                    "rx": 15.25,
                    "ry": 2.128660262001975
                },
                "2,13\n\n\n0,0"
            ],
            [
                {
                    "r": -1,
                    "rx": 10.741349949203164,
                    "ry": 2.137462617642421
                },
                "2,10\n\n\n0,0"
            ],
            [
                {
                    "r": 8,
                    "rx": 3.6344525161092465,
                    "ry": 2.1689396771511573
                },
                "2,3\n\n\n0,0"
            ],
            [
                {
                    "r": -5,
                    "rx": 9.688324779580299,
                    "ry": 2.2391407843299325
                },
                "2,9\n\n\n0,0"
            ],
            [
                {
                    "r": 11,
                    "rx": 4.669590905964442,
                    "ry": 2.317442172589873
                },